,Country,Total Cases,New Cases,Total Deaths,New Deaths,Total Recovered,New Recovered,Active Cases,Serious/Critical,Tot Cases/1M,Deaths/1M,Total Tests,Tests/1M,Population,Continent,%Inc Cases,%Inc Deaths,%Inc Recovered
0,World,413860450,1481297.0,5845114,7852.0,335755751,2774427.0,72259585,85000,53094.0,749.9,-1,-1,-1,All,0.35792185506008123,0.13433442016699762,0.826323001687021
1,USA,79520665,80842.0,946552,1046.0,50208417,329518.0,28365696,15032,237981.0,2833.0,930670249,2785216,334146517,North America,0.10166162468585997,0.11050634302183081,0.6563003171360691
2,India,42692943,27409.0,509388,345.0,41760458,82817.0,423097,8944,30452.0,363.0,751803766,536246,1401976446,Asia,0.06420030589130386,0.0677283328229169,0.1983143958813862
3,Brazil,27541131,58100.0,638913,464.0,23969577,186134.0,2932641,8318,128094.0,2972.0,63776166,296624,215006645,South America,0.21095720433558085,0.07262334621458634,0.7765426982712295
4,France,21735302,26475.0,135189,385.0,17167744,501528.0,4432369,3371,331799.0,2064.0,240847561,3676642,65507481,Europe,0.12180645109048864,0.2847864841074348,2.9213389948032775
5,UK,18347765,41560.0,159605,35.0,16142529,112804.0,2045631,416,267993.0,2331.0,471036328,6880096,68463627,Europe,0.226512602488641,0.02192913755834717,0.6988000455195094
6,Russia,14313965,180456.0,340931,683.0,11333044,97185.0,2639990,2300,98017.0,2335.0,268600000,1839275,146035832,Europe,1.2606989048806532,0.20033379188164174,0.8575365982872739
7,Turkey,12984953,76632.0,90808,266.0,12060306,74936.0,833839,1128,151324.0,1058.0,137529577,1602746,85808690,Asia,0.5901600105907199,0.2929257334155581,0.6213441018826554
8,Germany,12514527,127449.0,120710,130.0,8838800,101800.0,3555017,2274,148597.0,1433.0,89622218,1064171,84217904,Europe,1.0184084464398855,0.10769613122359374,1.1517400552111146
9,Italy,12134622,28801.0,151296,281.0,10392540,76553.0,1590786,1173,201178.0,2508.0,180982449,3000482,60317799,Europe,0.23734567092407163,0.18572863790186125,0.7366149180084945
10,Spain,10672906,22902.0,96596,201.0,7833932,158960.0,2742378,416,228131.0,2065.0,471036328,10068296,46784115,Europe,0.21458073368209185,0.20808315044101205,2.029121519053267
11,Argentina,8747601,13050.0,124349,268.0,8461793,29910.0,161459,2001,190715.0,2711.0,33532432,731073,45867424,South America,0.14918375906720027,0.2155224408720617,0.3534711851258947
12,Iran,6835221,28956.0,133886,168.0,6327200,28473.0,374135,3410,79726.0,1562.0,46144867,538235,85733678,Asia,0.4236293164478515,0.12547988587305617,0.45000948286761916
13,Colombia,6023257,3162.0,137301,186.0,5839835,7024.0,46121,342,116366.0,2653.0,32758328,632875,51761146,South America,0.05249651475937354,0.13546878755435138,0.12027737085037506
14,Netherlands,5789483,55011.0,21402,6.0,3511372,31846.0,2256709,176,336671.0,1245.0,21107399,1227439,17196288,Europe,0.9501884710603693,0.02803476310625175,0.9069389401066021
15,Poland,5415762,13473.0,108137,17.0,4659874,48114.0,647751,1137,143352.0,2862.0,32402167,857666,37779461,Europe,0.24877385675367564,0.015720798616569723,1.0325171882329864
16,Mexico,5292706,8854.0,312819,122.0,4519024,19949.0,460863,4798,40363.0,2386.0,14662007,111816,131126411,North America,0.16728682832562397,0.039000188607469496,0.44144487836311563
17,Indonesia,4844279,36501.0,145321,145.0,4323101,13338.0,375857,1609,17412.0,522.0,77923281,280091,278207416,Asia,0.7534867417834522,0.09977910969508881,0.30852853079305803
18,Ukraine,4542693,16993.0,102950,142.0,3788395,9338.0,651348,177,104892.0,2377.0,19060801,440121,43308107,Europe,0.3740732644710968,0.13793103448275862,0.24648960839616776
19,Japan,3912198,80234.0,20359,157.0,3010467,91153.0,881372,1393,31086.0,162.0,36298337,288427,125849223,Asia,2.050867568563759,0.7711577189449383,3.027869098050236
20,South Africa,3642905,1094.0,97250,257.0,3508249,5930.0,37406,546,60194.0,1607.0,22693253,374974,60519472,Africa,0.030030978024406345,0.26426735218508995,0.16903019141457748
21,Philippines,3639930,2718.0,55146,216.0,3508196,7413.0,76588,312,32516.0,493.0,27792157,248272,111942571,Asia,0.07467176566582324,0.39168752040039173,0.21130518363284148
22,Israel,3451533,25430.0,9624,80.0,3226276,94522.0,215633,971,370098.0,1032.0,41373364,4436346,9326000,Asia,0.7367740653211197,0.8312551953449709,2.929755544782901
23,Peru,3449712,4032.0,208466,85.0,0,0.0,0,1288,102318.0,6183.0,26556891,787676,33715493,South America,0.11687932209993182,0.040774035094451856,
24,Belgium,3440228,7686.0,29694,35.0,2349429,31889.0,1061105,403,294759.0,2544.0,31034093,2659004,11671324,Europe,0.22341542479161264,0.11786892975011788,1.357308520495831
25,Czechia,3403522,7193.0,37919,49.0,3159628,33896.0,205975,239,316867.0,3530.0,51749535,4817870,10741164,Europe,0.21133990025626395,0.12922281705741184,1.0727845176710675
26,Canada,3204250,5911.0,35580,104.0,3031298,26808.0,137372,912,83710.0,930.0,57357225,1498435,38278083,North America,0.18447374580635093,0.2922990444069702,0.8843736247640449
27,Portugal,3093723,8463.0,20565,35.0,2524291,29289.0,548867,148,304844.0,2026.0,33409187,3292018,10148544,Europe,0.2735539025310282,0.17019207391198637,1.160286195212834
28,Malaysia,3061550,21315.0,32149,24.0,2860954,8517.0,168447,199,92669.0,973.0,46439456,1405661,33037448,Asia,0.6962159690352926,0.07465239976360073,0.29769790077016267
29,Australia,2921698,19779.0,4618,25.0,2745617,24166.0,171463,231,112464.0,178.0,62347100,2399906,25978978,Australia/Oceania,0.6769693513840239,0.5413598960588999,0.8801664616732778
30,Chile,2654847,30210.0,40666,108.0,1826543,9243.0,787638,853,136975.0,2098.0,31634694,1632173,19381955,South America,1.1379186823195462,0.2655781242315448,0.5060379087708311
31,Thailand,2608227,14900.0,22465,26.0,2455832,9810.0,129930,687,37216.0,321.0,17270775,246431,70083695,Asia,0.5712692951955485,0.11573558869352327,0.39945729186687035
32,Switzerland,2580013,10543.0,13092,4.0,1691936,56186.0,874985,200,294618.0,1495.0,18003776,2055899,8757132,Europe,0.40864135180714206,0.030553009471432937,3.3208111890757097
33,Romania,2574384,12069.0,61685,64.0,2135049,20928.0,377650,1155,135282.0,3241.0,20265091,1064914,19029787,Europe,0.46881117968414965,0.1037529383156359,0.9802116953756096
34,Vietnam,2540273,29413.0,39037,91.0,2232947,6193.0,268289,2640,25722.0,395.0,77827425,788070,98756969,Asia,1.1578676780015376,0.23311217562825012,0.27734648426496467
35,Sweden,2409081,1834.0,16543,1.0,1573404,26170.0,819134,96,236155.0,1622.0,17101699,1676430,10201263,Europe,0.0761286150195863,0.006044852807834129,1.6632727513086278
36,Austria,2299229,24565.0,14392,20.0,1969374,34120.0,315463,197,252951.0,1583.0,151171207,16631165,9089634,Europe,1.0684016250664896,0.13896609227348528,1.7325302354961527
37,Iraq,2278582,3011.0,24729,25.0,2194306,6171.0,59547,230,54665.0,593.0,17744750,425707,41682965,Asia,0.13214358754699193,0.10109587933195842,0.28122786885694157
38,Denmark,2247850,28013.0,4109,41.0,1663700,27576.0,580041,25,385881.0,705.0,123348455,21174817,5825243,Europe,1.246213048023667,0.9978096860550012,1.6575103684558514
39,Greece,2194999,20906.0,24836,82.0,1959790,18750.0,210373,494,212271.0,2402.0,61265744,5924791,10340574,Europe,0.952437791543413,0.33016588822676757,0.9567351603998387
40,Bangladesh,1914356,4692.0,28838,19.0,1691892,13237.0,193626,1516,11439.0,172.0,13029787,77861,167346486,Asia,0.24509547858392067,0.06588529024204175,0.782378544256962
41,Serbia,1848040,7030.0,14494,67.0,1602157,17613.0,231389,190,212899.0,1670.0,8527011,982334,8680356,Europe,0.3804030215796195,0.4622602456188768,1.0993304651167146
42,Hungary,1717072,21081.0,42631,271.0,1450631,26710.0,223810,271,178478.0,4431.0,10513080,1092766,9620613,Europe,1.227729530270134,0.63568764514086,1.8412676966092687
43,Jordan,1490473,22113.0,13532,24.0,1288687,23662.0,188254,1245,143769.0,1305.0,15624544,1507118,10367168,Asia,1.483622984113097,0.17735737511084837,1.83613243557202
44,Pakistan,1486361,2563.0,29801,29.0,1379921,4293.0,76639,1566,6524.0,131.0,25799168,113237,227834082,Asia,0.17243455661175178,0.09731217073252575,0.3111047661424096
45,Georgia,1461792,7727.0,15577,21.0,1270759,22517.0,175456,-1,367583.0,3917.0,15339360,3857249,3976762,Asia,0.528597775880563,0.13481414906593053,1.7719331517620573
46,S. Korea,1405246,54616.0,7102,21.0,792107,12387.0,606037,306,27371.0,138.0,15804065,307827,51340661,Asia,3.886579289320162,0.29569135454801465,1.5638038800313594
47,Kazakhstan,1291220,1311.0,13473,9.0,1224938,4892.0,52809,528,67461.0,704.0,11575012,604743,19140385,Asia,0.1015318845742786,0.06680026720106881,0.3993671516435934
48,Ireland,1255571,3494.0,6291,-1.0,1086445,14555.0,162835,67,249760.0,1251.0,11178132,2223573,5027103,Europe,0.2782797627533608,-0.01589572405023049,1.33969045832969
49,Slovakia,1249673,8552.0,18105,10.0,990046,7782.0,241522,230,228713.0,3314.0,6023538,1102419,5463926,Europe,0.68433902308844,0.055233360950013806,0.7860240837294429
50,Morocco,1155534,369.0,15802,21.0,1126340,2970.0,13392,293,30717.0,420.0,11237010,298706,37618981,Africa,0.03193328798633359,0.132894570307556,0.26368592076992736
51,Cuba,1061524,792.0,8476,4.0,1048238,846.0,4810,37,93812.0,749.0,12908470,1140786,11315416,North America,0.0746097120743384,0.04719207173194903,0.08070686237285807
52,Norway,1049811,14058.0,1513,-1.0,88952,-1.0,959346,25,191226.0,276.0,9852076,1794583,5489897,Europe,1.3390981805296382,-0.06609385327164573,-0.0011242018167101357
53,Bulgaria,1042954,6130.0,34591,187.0,751596,7426.0,256767,605,151952.0,5040.0,8896561,1296174,6863707,Europe,0.587753630553217,0.540603047035356,0.9880308037828833
54,Lebanon,1020204,3717.0,9855,15.0,682977,-1.0,327372,186,150563.0,1454.0,4795578,707737,6775928,Asia,0.364338896926497,0.15220700152207,-0.0001464178149483804
55,Croatia,1018367,452.0,14537,64.0,972830,6477.0,31000,171,250567.0,3577.0,4409465,1084939,4064253,Europe,0.04438478466014708,0.4402558987411433,0.6657895007349691
56,Nepal,973541,482.0,11900,8.0,940902,2319.0,20739,100,32468.0,397.0,5346465,178304,29985050,Asia,0.04950998468477444,0.06722689075630252,0.24646562553804754
57,Tunisia,967052,-1.0,27119,-1.0,889891,-1.0,50042,200,80461.0,2256.0,4206888,350023,12018884,Africa,-0.0001034070556702225,-0.003687451602197721,-0.00011237331313610319
58,Bolivia,883734,352.0,21301,17.0,753224,2863.0,109209,220,74071.0,1785.0,2666178,223470,11930828,South America,0.03983098986799195,0.07980845969672785,0.3800994126581203
59,UAE,869428,1191.0,2287,2.0,803597,2713.0,63544,-1,86219.0,227.0,131931012,13083335,10083898,Asia,0.1369866164880818,0.08745080891998251,0.33760703437170625
60,Slovenia,851548,3771.0,6099,18.0,704931,8566.0,140518,136,409516.0,2933.0,2544196,1223524,2079401,Europe,0.4428405680008643,0.2951303492375799,1.215154390997133
61,Belarus,838571,6605.0,6265,12.0,823890,5990.0,8416,-1,88791.0,663.0,12153269,1286838,9444288,Europe,0.7876494655789432,0.19154030327214686,0.7270388037237981
62,Lithuania,820541,4546.0,8143,24.0,701667,1069.0,110731,96,308387.0,3060.0,7570924,2845405,2660754,Europe,0.5540247227134293,0.29473167137418643,0.15235147156699688
63,Ecuador,799140,-1.0,35036,-1.0,0,0.0,0,759,44208.0,1938.0,2470170,136649,18076778,South America,-0.00012513451960857923,-0.002854207101267268,
64,Uruguay,782556,5066.0,6778,22.0,726478,5815.0,49300,167,224021.0,1940.0,5519236,1579980,3493231,South America,0.6473658115201979,0.3245795219828858,0.80043717772596
65,Costa Rica,766520,2085.0,7806,8.0,595250,1727.0,163464,152,148279.0,1510.0,3544847,685730,5169453,North America,0.27200855815895214,0.10248526774276198,0.2901301973960521
66,Azerbaijan,747918,2749.0,9077,27.0,690059,3971.0,48782,-1,72704.0,882.0,6398476,621985,10287182,Asia,0.3675536622998778,0.29745510631265837,0.5754580405443592
67,Panama,743653,799.0,7960,10.0,716681,3490.0,19012,83,168068.0,1799.0,5404570,1221448,4424724,North America,0.10744258410844844,0.12562814070351758,0.48696700484594957
68,Guatemala,735957,858.0,16643,6.0,671717,2354.0,47597,5,39885.0,902.0,3765637,204078,18451968,North America,0.11658289818562768,0.036051192693624945,0.35044520236945026
69,Saudi Arabia,730614,2227.0,8974,1.0,695470,3469.0,26170,1016,20470.0,251.0,39604333,1109626,35691592,Asia,0.3048121169317861,0.011143302874972142,0.49879937308582684
70,Sri Lanka,629347,1231.0,15844,36.0,595345,317.0,18158,-1,29192.0,735.0,6205382,287837,21558681,Asia,0.19559956589925748,0.22721534965917697,0.0532464369399256
71,Paraguay,626355,1880.0,17964,59.0,577596,4850.0,30795,191,86104.0,2469.0,2482018,341199,7274404,South America,0.3001492763688324,0.3284346470719216,0.8396872554519076
72,Kuwait,603869,2562.0,2521,1.0,565903,5406.0,35445,90,138096.0,577.0,7332716,1676885,4372821,Asia,0.42426420299767004,0.039666798889329634,0.9552873902417905
73,Finland,582383,12410.0,2214,44.0,46000,-1.0,534169,37,104846.0,399.0,9703521,1746914,5554663,Europe,2.1309001121255258,1.9873532068654018,-0.002173913043478261
74,Dominican Republic,569702,256.0,4347,-1.0,562762,1010.0,2593,79,51678.0,394.0,3051202,276776,11024077,North America,0.04493577343944729,-0.023004370830457786,0.17947196150415273
75,Palestine,558862,2901.0,5027,13.0,507410,3467.0,46425,127,105579.0,950.0,3078533,581592,5293290,Asia,0.5190905805010897,0.258603540879252,0.6832738810823594
76,Myanmar,548357,1586.0,19311,1.0,518076,546.0,10970,-1,9970.0,351.0,6713698,122066,55000582,Asia,0.28922763819920233,0.005178395733001916,0.10538994278831677
77,Latvia,522766,4144.0,5029,5.0,384121,6854.0,133616,77,282208.0,2715.0,6424588,3468225,1852414,Europe,0.7927064881801801,0.0994233446013124,1.7843335823868
78,Venezuela,506977,1030.0,5556,7.0,488063,1563.0,13358,230,17911.0,196.0,3359014,118670,28305416,South America,0.20316503510021167,0.12598992080633548,0.3202455420714129
79,Moldova,485563,1047.0,10962,22.0,440981,3412.0,33620,155,120824.0,2728.0,2916565,725735,4018775,Europe,0.21562598468169938,0.20069330414158,0.7737294804084529
80,Singapore,478577,9082.0,906,9.0,440383,10298.0,37288,24,80774.0,153.0,22888183,3863075,5924861,Asia,1.8977092505490234,0.9933774834437087,2.33841905795637
81,Libya,473114,2800.0,6135,10.0,422487,4208.0,44492,129,67370.0,874.0,2350586,334718,7022576,Africa,0.5918235351310678,0.16299918500407498,0.9960069777294923
82,Bahrain,468623,4818.0,1427,-1.0,415114,7002.0,52082,17,260753.0,794.0,9182056,5109107,1797194,Asia,1.028118551586243,-0.0700770847932726,1.6867655631946885
83,Ethiopia,467575,77.0,7426,2.0,409066,116.0,51083,160,3910.0,62.0,4433520,37079,119570556,Africa,0.016467946318772388,0.026932399676811204,0.02835728219896056
84,Egypt,457081,2129.0,23409,60.0,388943,1243.0,44729,122,4334.0,222.0,3693367,35022,105458331,Africa,0.46578177609657806,0.2563116749967961,0.3195841035833014
85,Mongolia,456866,553.0,2146,1.0,313256,-1.0,141464,192,135820.0,638.0,4030048,1198081,3363753,Asia,0.12104205609522267,0.046598322460391424,-0.00031922772428939907
86,Estonia,423496,2895.0,2115,2.0,307285,735.0,114096,25,318902.0,1593.0,2978591,2242949,1327980,Europe,0.6835955947635869,0.09456264775413711,0.23919162992010676
87,Armenia,407074,695.0,8186,19.0,375612,2306.0,23276,-1,136960.0,2754.0,2828454,951632,2972215,Asia,0.17073062882915635,0.23210359149767895,0.6139313972929512
88,Honduras,403973,-1.0,10595,-1.0,127289,-1.0,266089,105,39763.0,1043.0,1263329,124348,10159623,North America,-0.000247541296076718,-0.009438414346389807,-0.0007856138393733945
89,Oman,367679,1979.0,4211,3.0,343594,2547.0,19874,88,69155.0,792.0,25000000,4702140,5316728,Asia,0.5382412376012772,0.07124198527665639,0.7412818617321606
90,Bosnia and Herzegovina,364610,617.0,15096,65.0,192218,-1.0,157296,-1,112265.0,4648.0,1671944,514799,3247759,Europe,0.16922190834041853,0.4305776364599894,-0.0005202426411678407
91,Qatar,351402,601.0,658,2.0,342554,964.0,8190,37,125152.0,234.0,3344225,1191046,2807805,Asia,0.17102919163806693,0.303951367781155,0.28141548485786183
92,Kenya,322497,24.0,5632,1.0,302829,85.0,14036,4,5791.0,101.0,3299132,59243,55687869,Africa,0.007441929692369232,0.01775568181818182,0.028068646001538824
93,Zambia,309579,77.0,3938,1.0,303143,215.0,2498,5,16110.0,205.0,3229046,168033,19216699,Africa,0.02487248812096428,0.025393600812595223,0.0709236235044187
94,Cyprus,293040,2930.0,788,3.0,124370,-1.0,167882,60,239883.0,645.0,9477138,7758010,1221594,Asia,0.9998634998634999,0.3807106598984772,-0.000804052424218059
95,North Macedonia,287481,465.0,8768,21.0,269014,1880.0,9699,-1,137997.0,4209.0,1847971,887068,2083235,Europe,0.16174981998810356,0.239507299270073,0.6988483870727918
96,Albania,268304,6.0,3414,-1.0,256117,-1.0,8773,23,93398.0,1188.0,1704867,593471,2872707,Europe,0.0022362693064583456,-0.029291154071470416,-0.00039044655372349357
97,Algeria,262165,413.0,6744,15.0,175048,340.0,80373,27,5809.0,149.0,230861,5115,45132716,Africa,0.1575343772051952,0.2224199288256228,0.1942324391024176
98,Botswana,260491,836.0,2603,6.0,253947,101.0,3941,1,107266.0,1072.0,2026898,834640,2428469,Africa,0.3209323930577256,0.23050326546292738,0.03977207842581326
99,Réunion,256787,-1.0,565,-1.0,216172,-1.0,40050,60,283535.0,624.0,1424291,1572654,905661,Africa,-0.00038942781371331106,-0.17699115044247787,-0.00046259460059582186
100,Nigeria,254016,-1.0,3141,-1.0,230397,-1.0,20478,11,1185.0,15.0,4177940,19486,214405269,Africa,-0.0003936759889140842,-0.03183699458771092,-0.0004340334292547212
101,Uzbekistan,233761,322.0,1604,3.0,218078,1023.0,14079,23,6824.0,47.0,1377915,40226,34254516,Asia,0.13774752845855381,0.18703241895261846,0.46909821256614603
102,Zimbabwe,231603,222.0,5374,-1.0,223337,204.0,2892,12,15224.0,353.0,2030669,133481,15213214,Africa,0.09585368065180504,-0.018608113137327877,0.09134178394086068
103,Montenegro,226692,225.0,2638,3.0,220832,296.0,3222,60,360862.0,4199.0,1144569,1821996,628195,Europe,0.09925361283150706,0.11372251705837756,0.13403854513838576
104,Mozambique,224719,16.0,2189,-1.0,218433,155.0,4097,13,6878.0,67.0,1250148,38264,32671766,Africa,0.007120003204001442,-0.04568296025582458,0.07095997399660309
105,Kyrgyzstan,200066,46.0,2930,3.0,192971,236.0,4165,131,29868.0,437.0,1907195,284722,6698439,Asia,0.02299241250387372,0.10238907849829351,0.12229816915495074
106,Luxembourg,174856,1437.0,976,7.0,156761,6947.0,17119,12,272165.0,1519.0,4036845,6283379,642464,Europe,0.8218190968568422,0.7172131147540983,4.431586938077711
107,Afghanistan,171076,472.0,7501,5.0,149827,300.0,13748,1124,4240.0,186.0,877991,21761,40346927,Asia,0.27590076924875495,0.06665777896280496,0.20023093300940417
108,Uganda,162755,59.0,3574,2.0,99626,47.0,59555,97,3385.0,74.0,2410624,50141,48076858,Africa,0.03625080642683789,0.05595970900951316,0.047176439885170535
109,Maldives,160076,1015.0,289,-1.0,143956,1107.0,15831,25,287930.0,520.0,2135598,3841321,555954,Asia,0.6340738149379045,-0.34602076124567477,0.7689849676289977
110,Ghana,157917,166.0,1426,7.0,155964,642.0,527,4,4916.0,44.0,2272998,70760,32122576,Africa,0.10511851162319447,0.4908835904628331,0.41163345387397093
111,Namibia,156807,42.0,3995,2.0,152027,35.0,785,3,59956.0,1527.0,938866,358978,2615386,Africa,0.026784518548279096,0.05006257822277847,0.023022226315062455
112,El Salvador,147786,1639.0,4002,8.0,123870,820.0,19914,153,22600.0,612.0,1693464,258970,6539216,North America,1.1090360385963487,0.19990004997501248,0.6619843384193106
113,Laos,139244,216.0,597,3.0,7660,-1.0,130987,-1,18699.0,80.0,997658,133977,7446486,Asia,0.1551233805406337,0.5025125628140703,-0.013054830287206266
114,Rwanda,129311,13.0,1452,2.0,45522,-1.0,82337,-1,9599.0,108.0,4663942,346204,13471646,Africa,0.010053282396702523,0.13774104683195593,-0.0021967400377839287
115,Jamaica,127163,109.0,2750,11.0,73461,193.0,50952,25,42642.0,922.0,823765,276236,2982103,North America,0.08571675723284289,0.4,0.26272443881787616
116,Cambodia,123955,512.0,3015,-1.0,118960,156.0,1980,-1,7252.0,176.0,2821233,165046,17093589,Asia,0.41305312411762335,-0.03316749585406302,0.13113651647612642
117,Trinidad and Tobago,120895,510.0,3531,5.0,95743,375.0,21621,22,85934.0,2510.0,596000,423648,1406829,North America,0.421853674676372,0.1416029453412631,0.3916735427133054
118,Guadeloupe,119534,-1.0,808,-1.0,2250,-1.0,116476,21,298660.0,2019.0,855965,2138656,400235,North America,-0.0008365820603342981,-0.12376237623762376,-0.044444444444444446
119,Cameroon,118675,-1.0,1915,-1.0,106050,-1.0,10710,13,4298.0,69.0,1751774,63436,27614880,Africa,-0.0008426374552348852,-0.05221932114882506,-0.000942951438000943
120,Martinique,101298,-1.0,854,-1.0,104,-1.0,100340,26,270276.0,2279.0,645857,1723232,374794,North America,-0.0009871863215463285,-0.117096018735363,-0.9615384615384616
121,Angola,98514,-1.0,1898,-1.0,96377,-1.0,239,-1,2854.0,55.0,1401427,40598,34519502,Africa,-0.0010150841504760744,-0.052687038988408846,-0.0010375919565871524
122,Iceland,92221,1984.0,55,1.0,75685,-1.0,16481,3,267439.0,159.0,1677190,4863817,344830,Europe,2.1513538131228245,1.8181818181818181,-0.0013212657726101606
123,DRC,85793,17.0,1316,-1.0,50930,-1.0,33547,-1,913.0,14.0,846704,9011,93964641,Africa,0.019815136433042325,-0.07598784194528875,-0.00196347928529354
124,Senegal,85440,28.0,1957,-1.0,83199,67.0,284,4,4894.0,112.0,998521,57197,17457684,Africa,0.03277153558052435,-0.0510986203372509,0.08052981406026515
125,Malawi,85033,8.0,2598,2.0,72867,376.0,9568,67,4267.0,130.0,538585,27024,19929610,Africa,0.009408112144696765,0.07698229407236336,0.5160086184418187
126,Ivory Coast,81213,95.0,791,2.0,79003,110.0,1419,-1,2960.0,29.0,1384681,50471,27435029,Africa,0.11697634615147823,0.2528445006321113,0.13923521891573737
127,French Guiana,77279,115.0,385,1.0,11254,-1.0,65640,7,248321.0,1237.0,582570,1871975,311206,South America,0.14881144942351737,0.2597402597402597,-0.00888572951839346
128,Suriname,77036,61.0,1299,1.0,49317,2.0,26420,12,129441.0,2183.0,223540,375607,595144,South America,0.07918375824289943,0.07698229407236336,0.0040553967191840545
129,Malta,70089,72.0,592,3.0,67457,121.0,2040,3,158055.0,1335.0,1211456,2731901,443448,Europe,0.10272653340752472,0.5067567567567568,0.17937352683931987
130,Eswatini,68815,20.0,1384,1.0,67258,35.0,173,11,58337.0,1173.0,467995,396735,1179617,Africa,0.029063430938022234,0.0722543352601156,0.05203841922150525
131,Fiji,63509,33.0,820,1.0,61685,92.0,1004,-1,70024.0,904.0,494533,545261,906966,Australia/Oceania,0.0519611393660741,0.12195121951219512,0.14914484882872658
132,Madagascar,62844,-1.0,1335,-1.0,56500,-1.0,5009,224,2179.0,46.0,387097,13421,28842619,Africa,-0.0015912418051047036,-0.0749063670411985,-0.0017699115044247787
133,Guyana,62265,109.0,1196,6.0,59398,468.0,1671,9,78548.0,1509.0,524656,661859,792700,South America,0.17505821890307555,0.5016722408026756,0.7879053166773292
134,Sudan,59903,272.0,3831,-1.0,40329,-1.0,15743,-1,1316.0,84.0,562941,12371,45505759,Africa,0.45406740897784753,-0.026102845210127904,-0.0024796052468447024
135,Mauritania,58575,6.0,973,1.0,57343,52.0,259,30,12084.0,201.0,719501,148432,4847360,Africa,0.010243277848911651,0.10277492291880781,0.09068238494672409
136,French Polynesia,56658,2805.0,637,-1.0,0,0.0,0,7,199825.0,2247.0,-1,-1,283538,Australia/Oceania,4.950757174626707,-0.15698587127158556,
137,Cabo Verde,55844,2.0,400,-1.0,55366,17.0,78,23,98705.0,707.0,400982,708742,565766,Africa,0.0035814053434567723,-0.25,0.030704764657009716
138,Belize,55518,335.0,632,1.0,51305,1057.0,3581,6,135637.0,1544.0,485497,1186129,409312,North America,0.6034079037429302,0.15822784810126583,2.0602280479485433
139,Syria,52881,130.0,3032,3.0,43379,372.0,6470,-1,2907.0,167.0,146269,8042,18188464,Asia,0.24583498799190637,0.09894459102902375,0.8575578044675995
140,Barbados,51895,271.0,299,-1.0,45497,345.0,6099,-1,180225.0,1038.0,567691,1971526,287945,North America,0.5222083052317179,-0.33444816053511706,0.7582917555003627
141,Gabon,47446,20.0,302,-1.0,44222,335.0,2922,3,20533.0,131.0,1558188,674334,2310706,Africa,0.042153184673102057,-0.33112582781456956,0.7575414951833929
142,Channel Islands,47228,862.0,139,2.0,44178,1087.0,2911,-1,267644.0,788.0,1198282,6790749,176458,Europe,1.8251884475311255,1.4388489208633095,2.460500701706732
143,Papua New Guinea,38671,190.0,610,-1.0,36743,262.0,1318,7,4194.0,66.0,249149,27019,9221329,Australia/Oceania,0.49132424814460446,-0.16393442622950818,0.71306099120921
144,Curaçao,38394,14.0,258,2.0,37318,97.0,818,3,232437.0,1562.0,472901,2862943,165180,North America,0.0364640308381518,0.7751937984496124,0.25992818479018165
145,New Caledonia,38386,3343.0,284,-1.0,25052,3779.0,13050,49,132392.0,980.0,98964,341322,289943,Australia/Oceania,8.708904288021674,-0.35211267605633806,15.084623982117195
146,Seychelles,38120,-1.0,157,-1.0,36737,-1.0,1226,-1,383760.0,1581.0,-1,-1,99333,Africa,-0.0026232948583420775,-0.6369426751592357,-0.0027220513378882327
147,Burundi,37883,-1.0,38,-1.0,773,-1.0,37072,-1,3040.0,3.0,345742,27740,12463509,Africa,-0.002639706464641132,-2.631578947368421,-0.129366106080207
148,Andorra,37277,137.0,149,1.0,36358,605.0,770,14,481211.0,1923.0,249838,3225173,77465,Europe,0.3675188454006492,0.6711409395973155,1.6640079212277903
149,Togo,36660,10.0,271,-1.0,35145,302.0,1244,-1,4266.0,32.0,675981,78670,8592658,Africa,0.027277686852154936,-0.36900369003690037,0.8592971973253662
150,Mayotte,36572,-1.0,187,-1.0,2964,-1.0,33421,-1,129018.0,660.0,176919,624130,283465,Africa,-0.0027343322760581866,-0.53475935828877,-0.033738191632928474
151,Guinea,36329,-1.0,436,-1.0,32684,-1.0,3209,49,2650.0,32.0,587607,42863,13708994,Africa,-0.0027526218723333976,-0.22935779816513763,-0.0030596010280259456
152,Aruba,33513,13.0,198,-1.0,33224,30.0,91,6,311749.0,1842.0,177885,1654744,107500,North America,0.038790916957598544,-0.5050505050505051,0.09029617144233085
153,Tanzania,33436,-1.0,792,-1.0,0,0.0,0,7,535.0,13.0,-1,-1,62486067,Africa,-0.0029907883718148106,-0.12626262626262627,
154,Bahamas,32950,19.0,766,-1.0,25440,16.0,6744,9,82513.0,1918.0,215133,538736,399329,North America,0.05766312594840668,-0.13054830287206268,0.06289308176100629
155,Lesotho,32434,62.0,696,-1.0,23116,304.0,8622,-1,14948.0,321.0,391628,180494,2169753,Africa,0.19115742739100944,-0.14367816091954022,1.3151064197958124
156,Mali,30265,-1.0,716,-1.0,28037,5.0,1512,-1,1428.0,34.0,609358,28751,21194198,Africa,-0.0033041467041136623,-0.13966480446927373,0.017833577058886472
157,Haiti,29983,14.0,807,-1.0,25103,12.0,4073,-1,2579.0,69.0,132422,11389,11627606,North America,0.04669312610479272,-0.12391573729863693,0.04780305142811616
158,Faeroe Islands,29065,340.0,24,1.0,7693,-1.0,21348,5,591185.0,488.0,769000,15641526,49164,Europe,1.1697918458627214,4.166666666666666,-0.012998830105290526
159,Mauritius,28292,642.0,762,-1.0,25684,-1.0,1846,-1,22187.0,598.0,358675,281272,1275187,Africa,2.2691927046514917,-0.13123359580052493,-0.00389347453667653
160,Benin,26552,-1.0,163,-1.0,25506,-1.0,883,5,2101.0,13.0,604310,47821,12636863,Africa,-0.003766194636938837,-0.6134969325153374,-0.003920646122480984
161,Somalia,26203,-1.0,1340,-1.0,13182,-1.0,11681,-1,1578.0,81.0,400466,24109,16610406,Africa,-0.003816356905697821,-0.0746268656716418,-0.007586102260658473
162,Hong Kong,25051,2071.0,221,2.0,13232,-1.0,11598,-1,3298.0,29.0,34860499,4589633,7595488,Asia,8.267135044509201,0.904977375565611,-0.007557436517533252
163,Brunei ,23992,1477.0,98,-1.0,17414,178.0,6480,-1,54004.0,221.0,711068,1600556,444263,Asia,6.1562187395798595,-1.0204081632653061,1.022166073274377
164,Congo,23874,14.0,375,-1.0,20178,-1.0,3321,-1,4161.0,65.0,347815,60618,5737823,Africa,0.058641199631398175,-0.26666666666666666,-0.004955892556249381
165,Isle of Man,22132,21.0,77,-1.0,21859,36.0,196,-1,258063.0,898.0,150753,1757806,85762,Europe,0.09488523405024399,-1.2987012987012987,0.16469188892447045
166,Saint Lucia,22121,73.0,347,-1.0,20225,33.0,1549,1,119582.0,1876.0,131297,709767,184986,North America,0.33000316441390537,-0.2881844380403458,0.1631644004944376
167,Timor-Leste,21748,117.0,124,-1.0,20110,48.0,1514,22,16002.0,91.0,241439,177648,1359088,Asia,0.5379805039543866,-0.8064516129032258,0.23868722028841374
168,New Zealand,21573,968.0,53,-1.0,15864,199.0,5656,-1,4313.0,11.0,6313689,1262208,5002100,Australia/Oceania,4.487090344411997,-1.8867924528301887,1.2544125063035805
169,Burkina Faso,20721,5.0,375,-1.0,20289,-1.0,57,-1,949.0,17.0,247448,11335,21830397,Africa,0.02413010955069736,-0.26666666666666666,-0.004928779141406674
170,Taiwan,19621,54.0,851,-1.0,17560,38.0,1210,-1,821.0,36.0,11038879,462137,23886605,Asia,0.2752153305132256,-0.11750881316098707,0.21640091116173119
171,Nicaragua,17791,-1.0,218,-1.0,4225,-1.0,13348,-1,2635.0,32.0,-1,-1,6752177,North America,-0.0056208195154853575,-0.45871559633027525,-0.023668639053254437
172,Cayman Islands,17687,-1.0,16,-1.0,8553,-1.0,9118,2,264095.0,239.0,222773,3326360,66972,North America,-0.005653870074065698,-6.25,-0.011691804045364199
173,Tajikistan,17378,3.0,124,-1.0,17241,5.0,13,-1,1758.0,13.0,-1,-1,9884274,Asia,0.01726320635285994,-0.8064516129032258,0.02900063801403631
174,South Sudan,16897,17.0,137,-1.0,13077,-1.0,3683,1,1481.0,12.0,330958,29016,11406233,Africa,0.1006095756643191,-0.7299270072992701,-0.007647013841095052
175,Equatorial Guinea,15859,-1.0,182,-1.0,15554,-1.0,123,5,10734.0,123.0,273437,185066,1477511,Africa,-0.0063055678163818655,-0.5494505494505495,-0.006429214350006429
176,Djibouti,15534,-1.0,189,-1.0,15334,-1.0,11,-1,15361.0,187.0,278820,275715,1011261,Africa,-0.006437491953135059,-0.5291005291005291,-0.0065214555888874395
177,Gibraltar,14464,180.0,101,-1.0,13518,458.0,845,3,429517.0,2999.0,503235,14943875,33675,Europe,1.2444690265486726,-0.9900990099009901,3.3880751590471965
178,CAR,14187,33.0,113,2.0,6859,-1.0,7215,2,2857.0,23.0,81294,16371,4965693,Africa,0.2326073165574117,1.7699115044247788,-0.01457938474996355
179,San Marino,13988,417.0,110,1.0,13226,968.0,652,4,410844.0,3231.0,132336,3886862,34047,Europe,2.9811266800114384,0.9090909090909091,7.318917284137305
180,Grenada,13266,11.0,213,-1.0,12763,60.0,290,1,117017.0,1879.0,132143,1165611,113368,North America,0.08291873963515754,-0.4694835680751174,0.4701089085638173
181,Gambia,11911,-1.0,365,-1.0,11461,-1.0,85,4,4714.0,144.0,135608,53675,2526480,Africa,-0.008395600705230459,-0.273972602739726,-0.008725242125468982
182,Yemen,11679,8.0,2107,4.0,8496,43.0,1076,23,378.0,68.0,265253,8587,30888909,Asia,0.06849901532665469,0.18984337921214997,0.506120527306968
183,Greenland,11428,19.0,7,-1.0,2761,-1.0,8660,15,200738.0,123.0,164926,2896996,56930,North America,0.1662583129156458,-14.285714285714285,-0.036218761318362915
184,Bermuda,11246,100.0,121,1.0,10919,165.0,206,-1,181665.0,1955.0,777624,12561570,61905,North America,0.8892050506846879,0.8264462809917356,1.5111273926183717
185,Liechtenstein,10686,163.0,74,-1.0,10211,422.0,401,4,278971.0,1932.0,80413,2099282,38305,Europe,1.525360284484372,-1.3513513513513513,4.1327979629810985
186,Dominica,10527,113.0,53,-1.0,9418,164.0,1056,-1,145650.0,733.0,158133,2187905,72276,North America,1.0734302270352427,-1.8867924528301887,1.7413463580378
187,Saint Martin,9774,-1.0,63,-1.0,1399,-1.0,8312,7,245992.0,1586.0,78366,1972315,39733,North America,-0.01023122570083896,-1.5873015873015872,-0.07147962830593281
188,Eritrea,9675,7.0,103,-1.0,9502,31.0,70,-1,2668.0,28.0,23693,6534,3625890,Africa,0.07235142118863049,-0.9708737864077669,0.32624710587244793
189,Sint Maarten,9496,13.0,84,1.0,9192,27.0,220,10,217479.0,1924.0,62056,1421217,43664,North America,0.13689974726200504,1.1904761904761905,0.29373368146214096
190,Monaco,9053,32.0,49,-1.0,8796,47.0,208,4,228075.0,1234.0,54960,1384627,39693,Europe,0.35347398652380424,-2.0408163265306123,0.5343337880854935
191,Niger,8712,1.0,303,-1.0,8373,11.0,36,1,340.0,12.0,223204,8711,25623095,Africa,0.01147842056932966,-0.33003300330033003,0.13137465663442016
192,Comoros,8005,-1.0,160,-1.0,7689,-1.0,156,-1,8899.0,178.0,-1,-1,899577,Africa,-0.012492192379762648,-0.625,-0.013005592404734036
193,Guinea-Bissau,7849,-1.0,164,-1.0,6890,-1.0,795,6,3841.0,80.0,121057,59247,2043257,Africa,-0.012740476493820868,-0.6097560975609756,-0.014513788098693758
194,Bhutan,7666,237.0,5,-1.0,5389,190.0,2272,-1,9761.0,6.0,1852440,2358693,785367,Asia,3.0915731802765456,-20.0,3.5257005010205975
195,Sierra Leone,7652,-1.0,125,-1.0,0,0.0,0,-1,929.0,15.0,259958,31550,8239507,Africa,-0.013068478829064296,-0.8,
196,Caribbean Netherlands,7424,18.0,31,-1.0,7200,26.0,193,-1,278909.0,1165.0,30126,1131791,26618,North America,0.24245689655172414,-3.225806451612903,0.3611111111111111
197,Liberia,7359,1.0,290,-1.0,5747,-1.0,1322,2,1402.0,55.0,139824,26633,5250015,Africa,0.013588802826470988,-0.3448275862068966,-0.017400382808421787
198,Antigua and Barbuda,7331,-1.0,134,-1.0,6616,-1.0,581,1,73870.0,1350.0,18901,190454,99242,North America,-0.013640703860319191,-0.7462686567164178,-0.015114873035066504
199,Chad,7214,-1.0,190,-1.0,4874,-1.0,2150,-1,420.0,11.0,191341,11132,17188181,Africa,-0.01386193512614361,-0.5263157894736842,-0.02051702913418137
200,St. Vincent Grenadines,6727,2.0,103,1.0,6523,9.0,101,17,60326.0,924.0,97649,875689,111511,North America,0.029730935037906938,0.9708737864077669,0.13797332515713628
201,British Virgin Islands,5997,-1.0,61,-1.0,0,0.0,0,9,196256.0,1996.0,99354,3251432,30557,North America,-0.01667500416875104,-1.639344262295082,
202,Sao Tome and Principe,5920,-1.0,71,-1.0,5834,4.0,15,-1,26224.0,315.0,29036,128622,225746,Africa,-0.016891891891891893,-1.4084507042253522,0.06856359273225918
203,Turks and Caicos,5828,-1.0,35,-1.0,5654,-1.0,139,4,147302.0,885.0,419792,10610186,39565,North America,-0.017158544955387784,-2.857142857142857,-0.017686593562079942
204,Saint Kitts and Nevis,5505,6.0,40,-1.0,5391,8.0,74,1,102308.0,743.0,65141,1210619,53808,North America,0.10899182561307902,-2.5,0.1483954739380449
205,Solomon Islands,4827,338.0,61,3.0,1107,7.0,3659,12,6759.0,85.0,5117,7165,714135,Australia/Oceania,7.002278848145846,4.918032786885246,0.6323396567299007
206,St. Barth,3687,-1.0,6,-1.0,0,0.0,0,-1,371449.0,604.0,56491,5691215,9926,North America,-0.027122321670735017,-16.666666666666664,
207,Palau,3256,123.0,4,3.0,2178,421.0,1074,15,178568.0,219.0,29555,1620873,18234,Australia/Oceania,3.7776412776412776,75.0,19.32966023875115
208,Kiribati,2582,34.0,3,-1.0,407,93.0,2172,-1,21092.0,25.0,-1,-1,122416,Australia/Oceania,1.3168086754453912,-33.33333333333333,22.85012285012285
209,Anguilla,2497,39.0,9,-1.0,2469,34.0,19,4,164060.0,591.0,51382,3375953,15220,North America,1.5618742490989186,-11.11111111111111,1.377075739165654
210,Saint Pierre Miquelon,1033,-1.0,1,-1.0,981,-1.0,51,1,179715.0,174.0,17358,3019833,5748,North America,-0.0968054211035818,-100.0,-0.10193679918450561
211,Wallis and Futuna,454,-1.0,7,-1.0,438,-1.0,9,-1,41575.0,641.0,20508,1878022,10920,Australia/Oceania,-0.22026431718061676,-14.285714285714285,-0.228310502283105
212,Tonga,141,31.0,-1,-1.0,2,-1.0,139,-1,1310.0,-1.0,-1,-1,107635,Australia/Oceania,21.98581560283688,100.0,-50.0
213,Falkland Islands,89,-1.0,-1,-1.0,0,0.0,0,-1,24424.0,-1.0,8632,2368825,3644,South America,-1.1235955056179776,100.0,
214,Samoa,33,-1.0,-1,-1.0,3,-1.0,30,-1,165.0,-1.0,-1,-1,200549,Australia/Oceania,-3.0303030303030303,100.0,-33.33333333333333
215,Vatican City,29,-1.0,-1,-1.0,28,-1.0,1,-1,36070.0,-1.0,-1,-1,804,Europe,-3.4482758620689653,100.0,-3.571428571428571
216,Western Sahara,10,-1.0,1,-1.0,8,-1.0,1,-1,16.0,2.0,-1,-1,621099,Africa,-10.0,-100.0,-12.5
217,Total:,413860450,1481297.0,5845114,7852.0,335755751,2774427.0,72259585,85000,53094.4,749.9,-1,-1,-1,All,0.35792185506008123,0.13433442016699762,0.826323001687021
